Epoch,Training Loss
1,1.001320407631692
2,0.896596353643396
3,0.8524438474955184
